,model,dataset,domain,num_variates,prediction_length,frequency,inference_time,time_series_avg_len,num_samples,normalized_inference_time,normalized_time_per_input_output_point,Model,"Dataset, Frequency, Term",dataset_name,term
0,chronos_bolt_base,bitbrains_fast_storage/5T/long,Web/CloudOps,2,720,5T,526.8055801153183,7560.0,2500,0.0002926697667307324,3.8712932107239733e-08,Chr.B.B,"bitbrains_fast_storage, 5T, long",bitbrains_fast_storage,long
1,chronos_bolt_base,bitbrains_fast_storage/5T/medium,Web/CloudOps,2,480,5T,352.9168744087219,7920.0,2500,0.0002940973953406016,3.713350951270222e-08,Chr.B.B,"bitbrains_fast_storage, 5T, medium",bitbrains_fast_storage,medium
2,chronos_bolt_base,bitbrains_fast_storage/5T/short,Web/CloudOps,2,48,5T,418.579793381691,8184.0,22500,0.000387573882760825,4.735751255630804e-08,Chr.B.B,"bitbrains_fast_storage, 5T, short",bitbrains_fast_storage,short
3,chronos_bolt_base,bitbrains_fast_storage/H/short,Web/CloudOps,2,48,H,15.443538355827332,649.0,2500,0.00012869615296522778,1.9829915711129087e-07,Chr.B.B,"bitbrains_fast_storage, H, short",bitbrains_fast_storage,short
4,chronos_bolt_base,bitbrains_rnd/5T/long,Web/CloudOps,2,720,5T,205.00826649665834,7560.0,1000,0.000284733703467581,3.7663188289362566e-08,Chr.B.B,"bitbrains_rnd, 5T, long",bitbrains_rnd,long
5,chronos_bolt_base,bitbrains_rnd/5T/medium,Web/CloudOps,2,480,5T,137.77626581192015,7920.0,1000,0.000287033887108167,3.624165241264735e-08,Chr.B.B,"bitbrains_rnd, 5T, medium",bitbrains_rnd,medium
6,chronos_bolt_base,bitbrains_rnd/5T/short,Web/CloudOps,2,48,5T,157.11636250019075,8184.0,9000,0.0003636952835652564,4.443979515704501e-08,Chr.B.B,"bitbrains_rnd, 5T, short",bitbrains_rnd,short
7,chronos_bolt_base,bitbrains_rnd/H/short,Web/CloudOps,2,48,H,6.07614266872406,648.0,1000,0.00012658630559841792,1.9534923703459555e-07,Chr.B.B,"bitbrains_rnd, H, short",bitbrains_rnd,short
8,chronos_bolt_base,bizitobs_application/10S/long,Web/CloudOps,2,900,10S,0.5565712690353394,7934.0,1,0.0006184125211503771,7.794460816112643e-08,Chr.B.B,"bizitobs_application, 10S, long",bizitobs_application,long
9,chronos_bolt_base,bizitobs_application/10S/medium,Web/CloudOps,2,600,10S,0.4841707944869995,7934.0,2,0.0004034756620724996,5.085400328617338e-08,Chr.B.B,"bizitobs_application, 10S, medium",bizitobs_application,medium
10,chronos_bolt_base,bizitobs_application/10S/short,Web/CloudOps,2,60,10S,0.2919494867324829,8354.0,15,0.00032438831859164764,3.8830299089256365e-08,Chr.B.B,"bizitobs_application, 10S, short",bizitobs_application,short
11,chronos_bolt_base,bizitobs_l2c/5T/long,Web/CloudOps,7,720,5T,3.798915648460388,29808.0,5,0.0010552543467945523,3.540171587475014e-08,Chr.B.B,"bizitobs_l2c, 5T, long",bizitobs_l2c,long
12,chronos_bolt_base,bizitobs_l2c/5T/medium,Web/CloudOps,7,480,5T,3.4769720315933226,30048.0,7,0.0010348131046408698,3.443866828543896e-08,Chr.B.B,"bizitobs_l2c, 5T, medium",bizitobs_l2c,medium
13,chronos_bolt_base,bizitobs_l2c/5T/short,Web/CloudOps,7,48,5T,1.2532315969467163,31464.0,20,0.0013054495801528294,4.149026125581075e-08,Chr.B.B,"bizitobs_l2c, 5T, short",bizitobs_l2c,short
14,chronos_bolt_base,bizitobs_l2c/H/long,Web/CloudOps,7,720,H,0.869661808013916,1944.0,1,0.00120786362224155,6.213290237868055e-07,Chr.B.B,"bizitobs_l2c, H, long",bizitobs_l2c,long
15,chronos_bolt_base,bizitobs_l2c/H/medium,Web/CloudOps,7,480,H,0.5767561197280884,2184.0,1,0.0012015752494335175,5.501718175061893e-07,Chr.B.B,"bizitobs_l2c, H, medium",bizitobs_l2c,medium
16,chronos_bolt_base,bizitobs_l2c/H/short,Web/CloudOps,7,48,H,0.37995283603668206,2496.0,6,0.0013192806806829238,5.285579650171971e-07,Chr.B.B,"bizitobs_l2c, H, short",bizitobs_l2c,short
17,chronos_bolt_base,bizitobs_service/10S/long,Web/CloudOps,2,900,10S,5.580440640449524,7935.0,21,0.00029526140954759387,3.7210007504422664e-08,Chr.B.B,"bizitobs_service, 10S, long",bizitobs_service,long
18,chronos_bolt_base,bizitobs_service/10S/medium,Web/CloudOps,2,600,10S,6.968800520896911,7935.0,42,0.0002765397032101949,3.485062422308694e-08,Chr.B.B,"bizitobs_service, 10S, medium",bizitobs_service,medium
19,chronos_bolt_base,bizitobs_service/10S/short,Web/CloudOps,2,60,10S,5.777773928642273,8355.0,315,0.00030570232426678696,3.658914712947779e-08,Chr.B.B,"bizitobs_service, 10S, short",bizitobs_service,short
20,chronos_bolt_base,dominick/long,Sales,1,30,W,170.3894300699234,266.4834123222749,100014,5.678852629629299e-05,2.131034190886715e-07,Chr.B.B,"dominick, W, long",dominick,long
21,chronos_bolt_base,dominick/medium,Sales,1,20,W,168.29831223487855,276.4834123222749,100014,8.413737688467542e-05,3.043125668117953e-07,Chr.B.B,"dominick, W, medium",dominick,medium
22,chronos_bolt_base,dominick/short,Sales,1,2,W,173.68659567832947,294.4834123222749,100014,0.0008683114147935762,2.948591935777079e-06,Chr.B.B,"dominick, W, short",dominick,short
23,chronos_bolt_base,ercot/long,Energy,1,720,H,2.4996387720108033,154152.0,8,0.0004339650645852089,2.8151763492216055e-09,Chr.B.B,"ercot, H, long",ercot,long
24,chronos_bolt_base,ercot/medium,Energy,1,480,H,1.6138380289077758,154392.0,8,0.00042027032002806664,2.7220990726725905e-09,Chr.B.B,"ercot, H, medium",ercot,medium
25,chronos_bolt_base,ercot/short,Energy,1,48,H,0.2129924058914184,154824.0,8,0.0005546677236755688,3.582569392830367e-09,Chr.B.B,"ercot, H, short",ercot,short
26,chronos_bolt_base,exchange_rate/long,Econ/Fin,1,120,D,0.16531226634979243,7468.0,8,0.00017220027744770046,2.305841958324859e-08,Chr.B.B,"exchange_rate, D, long",exchange_rate,long
27,chronos_bolt_base,exchange_rate/medium,Econ/Fin,1,80,D,0.1590496778488159,7508.0,8,0.00024851512163877483,3.310004283947454e-08,Chr.B.B,"exchange_rate, D, medium",exchange_rate,medium
28,chronos_bolt_base,exchange_rate/short,Econ/Fin,1,8,D,0.21123049259185786,7580.0,8,0.003300476446747779,4.3541905629917927e-07,Chr.B.B,"exchange_rate, D, short",exchange_rate,short
29,chronos_bolt_base,jena_weather/10T/long,Nature,21,720,10T,17.094976091384886,49464.0,8,0.0029678777936432096,6.000076406362626e-08,Chr.B.B,"jena_weather, 10T, long",jena_weather,long
30,chronos_bolt_base,jena_weather/10T/medium,Nature,21,480,10T,14.928117489814758,49824.0,11,0.002827294979131583,5.674564425039304e-08,Chr.B.B,"jena_weather, 10T, medium",jena_weather,medium
31,chronos_bolt_base,jena_weather/10T/short,Nature,21,48,10T,3.916938138008118,52200.0,20,0.004080143893758456,7.816367612564093e-08,Chr.B.B,"jena_weather, 10T, short",jena_weather,short
32,chronos_bolt_base,jena_weather/D/short,Nature,21,30,D,0.11368262767791745,321.0,2,0.0018947104612986243,5.902524801553347e-06,Chr.B.B,"jena_weather, D, short",jena_weather,short
33,chronos_bolt_base,jena_weather/H/long,Nature,21,720,H,4.432616710662842,7704.0,2,0.003078206049071418,3.9955945600615496e-07,Chr.B.B,"jena_weather, H, long",jena_weather,long
34,chronos_bolt_base,jena_weather/H/medium,Nature,21,480,H,2.975106382369995,8064.0,2,0.003099069148302078,3.8430917017634896e-07,Chr.B.B,"jena_weather, H, medium",jena_weather,medium
35,chronos_bolt_base,jena_weather/H/short,Nature,21,48,H,3.4575326681137084,8304.0,19,0.0037911542413527504,4.5654554929585145e-07,Chr.B.B,"jena_weather, H, short",jena_weather,short
36,chronos_bolt_base,solar/10T/long,Energy,1,720,10T,115.34053630828858,49320.0,1096,0.00014616349390243383,2.9635744911280174e-09,Chr.B.B,"solar, 10T, long",solar,long
37,chronos_bolt_base,solar/10T/medium,Energy,1,480,10T,107.87191586494446,49680.0,1507,0.00014912618317980598,3.001734766099154e-09,Chr.B.B,"solar, 10T, medium",solar,medium
38,chronos_bolt_base,solar/10T/short,Energy,1,48,10T,24.411923217773438,52056.0,2740,0.0001856137714246764,3.5656556674480632e-09,Chr.B.B,"solar, 10T, short",solar,short
39,chronos_bolt_base,solar/D/short,Energy,1,30,D,0.5960438251495361,320.0,274,7.251141425176838e-05,2.265981695367762e-07,Chr.B.B,"solar, D, short",solar,short
40,chronos_bolt_base,solar/H/long,Energy,1,720,H,27.84790198802948,7680.0,274,0.00014115927609503995,1.8380114074874993e-08,Chr.B.B,"solar, H, long",solar,long
41,chronos_bolt_base,solar/H/medium,Energy,1,480,H,18.635122609138488,8040.0,274,0.00014169040913274397,1.762318521551542e-08,Chr.B.B,"solar, H, medium",solar,medium
42,chronos_bolt_base,solar/H/short,Energy,1,48,H,22.559066677093504,8280.0,2603,0.00018055342134951262,2.180596876201843e-08,Chr.B.B,"solar, H, short",solar,short
43,chronos_bolt_base,solar/W/short,Energy,1,8,W,0.23463358879089352,44.0,137,0.0002140817415975306,4.865494127216604e-06,Chr.B.B,"solar, W, short",solar,short
44,chronos_bolt_mini,bitbrains_fast_storage/5T/long,Web/CloudOps,2,720,5T,63.62177138328552,7560.0,2500,3.5345428546269734e-05,4.675321236279065e-09,Chr.B.M,"bitbrains_fast_storage, 5T, long",bitbrains_fast_storage,long
45,chronos_bolt_mini,bitbrains_fast_storage/5T/medium,Web/CloudOps,2,480,5T,43.141423153877255,7920.0,2500,3.595118596156438e-05,4.5392911567631795e-09,Chr.B.M,"bitbrains_fast_storage, 5T, medium",bitbrains_fast_storage,medium
46,chronos_bolt_mini,bitbrains_fast_storage/5T/short,Web/CloudOps,2,48,5T,55.380746078491214,8184.0,22500,5.127846859119557e-05,6.265697530693495e-09,Chr.B.M,"bitbrains_fast_storage, 5T, short",bitbrains_fast_storage,short
47,chronos_bolt_mini,bitbrains_fast_storage/H/short,Web/CloudOps,2,48,H,3.794845533370972,649.0,2500,3.162371277809143e-05,4.872683016655074e-08,Chr.B.M,"bitbrains_fast_storage, H, short",bitbrains_fast_storage,short
48,chronos_bolt_mini,bitbrains_rnd/5T/long,Web/CloudOps,2,720,5T,25.21269989013672,7560.0,1000,3.5017638736301e-05,4.63196279580701e-09,Chr.B.M,"bitbrains_rnd, 5T, long",bitbrains_rnd,long
49,chronos_bolt_mini,bitbrains_rnd/5T/medium,Web/CloudOps,2,480,5T,17.137803196907043,7920.0,1000,3.570375666022301e-05,4.508050083361491e-09,Chr.B.M,"bitbrains_rnd, 5T, medium",bitbrains_rnd,medium
50,chronos_bolt_mini,bitbrains_rnd/5T/short,Web/CloudOps,2,48,5T,22.303287816047668,8184.0,9000,5.1627981055665896e-05,6.308404332314993e-09,Chr.B.M,"bitbrains_rnd, 5T, short",bitbrains_rnd,short
51,chronos_bolt_mini,bitbrains_rnd/H/short,Web/CloudOps,2,48,H,1.5234035015106202,648.0,1000,3.173757294813792e-05,4.8977736031077035e-08,Chr.B.M,"bitbrains_rnd, H, short",bitbrains_rnd,short
52,chronos_bolt_mini,bizitobs_application/10S/long,Web/CloudOps,2,900,10S,0.2889365434646606,7934.0,1,0.00032104060384962284,4.046390267829882e-08,Chr.B.M,"bizitobs_application, 10S, long",bizitobs_application,long
53,chronos_bolt_mini,bizitobs_application/10S/medium,Web/CloudOps,2,600,10S,0.21470630168914795,7934.0,2,0.00017892191807428995,2.2551287884331984e-08,Chr.B.M,"bizitobs_application, 10S, medium",bizitobs_application,medium
54,chronos_bolt_mini,bizitobs_application/10S/short,Web/CloudOps,2,60,10S,0.07953138351440424,8354.0,15,8.83682039048936e-05,1.0577951149735887e-08,Chr.B.M,"bizitobs_application, 10S, short",bizitobs_application,short
55,chronos_bolt_mini,bizitobs_l2c/5T/long,Web/CloudOps,7,720,5T,0.4680739164352417,29808.0,5,0.0001300205323431227,4.361934123158974e-09,Chr.B.M,"bizitobs_l2c, 5T, long",bizitobs_l2c,long
56,chronos_bolt_mini,bizitobs_l2c/5T/medium,Web/CloudOps,7,480,5T,0.4223314762115479,30048.0,7,0.00012569389172962733,4.183103425506768e-09,Chr.B.M,"bizitobs_l2c, 5T, medium",bizitobs_l2c,medium
57,chronos_bolt_mini,bizitobs_l2c/5T/short,Web/CloudOps,7,48,5T,0.19580453634262082,31464.0,20,0.00020396305869023002,6.482426223310133e-09,Chr.B.M,"bizitobs_l2c, 5T, short",bizitobs_l2c,short
58,chronos_bolt_mini,bizitobs_l2c/H/long,Web/CloudOps,7,720,H,0.25670189857482906,1944.0,1,0.0003565304146872626,1.8340041907780998e-07,Chr.B.M,"bizitobs_l2c, H, long",bizitobs_l2c,long
59,chronos_bolt_mini,bizitobs_l2c/H/medium,Web/CloudOps,7,480,H,0.17407197952270503,2184.0,1,0.00036264995733896883,1.660485152650956e-07,Chr.B.M,"bizitobs_l2c, H, medium",bizitobs_l2c,medium
60,chronos_bolt_mini,bizitobs_l2c/H/short,Web/CloudOps,7,48,H,0.09037563800811763,2496.0,6,0.0003138042986392973,1.2572287605741078e-07,Chr.B.M,"bizitobs_l2c, H, short",bizitobs_l2c,short
61,chronos_bolt_mini,bizitobs_service/10S/long,Web/CloudOps,2,900,10S,0.7410508751869201,7935.0,21,3.920904101518096e-05,4.941278010734841e-09,Chr.B.M,"bizitobs_service, 10S, long",bizitobs_service,long
62,chronos_bolt_mini,bizitobs_service/10S/medium,Web/CloudOps,2,600,10S,0.9363179087638855,7935.0,42,3.715547256999546e-05,4.682479214870253e-09,Chr.B.M,"bizitobs_service, 10S, medium",bizitobs_service,medium
63,chronos_bolt_mini,bizitobs_service/10S/short,Web/CloudOps,2,60,10S,0.8003230690956116,8355.0,315,4.234513593098474e-05,5.0682388906026016e-09,Chr.B.M,"bizitobs_service, 10S, short",bizitobs_service,short
64,chronos_bolt_mini,dominick/long,Sales,1,30,W,31.880492639541625,266.4834123222749,100014,1.062534333178076e-05,3.987243798473608e-08,Chr.B.M,"dominick, W, long",dominick,long
65,chronos_bolt_mini,dominick/medium,Sales,1,20,W,31.767146611213683,276.4834123222749,100014,1.5881349916618514e-05,5.744051617138926e-08,Chr.B.M,"dominick, W, medium",dominick,medium
66,chronos_bolt_mini,dominick/short,Sales,1,2,W,32.0527836561203,294.4834123222749,100014,0.0001602414844727753,5.441443482643812e-07,Chr.B.M,"dominick, W, short",dominick,short
67,chronos_bolt_mini,ercot/long,Energy,1,720,H,0.3096089124679565,154152.0,8,5.3751547303464675e-05,3.4869185805869967e-10,Chr.B.M,"ercot, H, long",ercot,long
68,chronos_bolt_mini,ercot/medium,Energy,1,480,H,0.21801996231079096,154392.0,8,5.6776031851768476e-05,3.6773946740613813e-10,Chr.B.M,"ercot, H, medium",ercot,medium
69,chronos_bolt_mini,ercot/short,Energy,1,48,H,0.06795897483825677,154824.0,8,0.00017697649697462703,1.1430818023990274e-09,Chr.B.M,"ercot, H, short",ercot,short
70,chronos_bolt_mini,exchange_rate/long,Econ/Fin,1,120,D,0.060602164268493595,7468.0,8,6.312725444634749e-05,8.45303353593298e-09,Chr.B.M,"exchange_rate, D, long",exchange_rate,long
71,chronos_bolt_mini,exchange_rate/medium,Econ/Fin,1,80,D,0.05833635330200191,7508.0,8,9.115055203437799e-05,1.2140457116992273e-08,Chr.B.M,"exchange_rate, D, medium",exchange_rate,medium
72,chronos_bolt_mini,exchange_rate/short,Econ/Fin,1,8,D,0.12756197452545162,7580.0,8,0.0019931558519601816,2.629493208390741e-07,Chr.B.M,"exchange_rate, D, short",exchange_rate,short
73,chronos_bolt_mini,jena_weather/10T/long,Nature,21,720,10T,2.1117563962936403,49464.0,8,0.0003666243743565348,7.411943521683139e-09,Chr.B.M,"jena_weather, 10T, long",jena_weather,long
74,chronos_bolt_mini,jena_weather/10T/medium,Nature,21,480,10T,1.978593635559082,49824.0,11,0.000374733643098311,7.521147300463852e-09,Chr.B.M,"jena_weather, 10T, medium",jena_weather,medium
75,chronos_bolt_mini,jena_weather/10T/short,Nature,21,48,10T,0.6158868551254273,52200.0,20,0.0006415488074223201,1.2290207038741764e-08,Chr.B.M,"jena_weather, 10T, short",jena_weather,short
76,chronos_bolt_mini,jena_weather/D/short,Nature,21,30,D,0.05385155677795406,321.0,2,0.0008975259462992343,2.79603098535587e-06,Chr.B.M,"jena_weather, D, short",jena_weather,short
77,chronos_bolt_mini,jena_weather/H/long,Nature,21,720,H,0.5253206014633178,7704.0,2,0.00036480597323841515,4.7352800264591794e-08,Chr.B.M,"jena_weather, H, long",jena_weather,long
78,chronos_bolt_mini,jena_weather/H/medium,Nature,21,480,H,0.3588987350463867,8064.0,2,0.00037385284900665283,4.636072036292818e-08,Chr.B.M,"jena_weather, H, medium",jena_weather,medium
79,chronos_bolt_mini,jena_weather/H/short,Nature,21,48,H,0.4988718032836914,8304.0,19,0.0005470085562321177,6.587289935357872e-08,Chr.B.M,"jena_weather, H, short",jena_weather,short
80,chronos_bolt_mini,solar/10T/long,Energy,1,720,10T,14.091690349578858,49320.0,1096,1.785747459141684e-05,3.6207369406765696e-10,Chr.B.M,"solar, 10T, long",solar,long
81,chronos_bolt_mini,solar/10T/medium,Energy,1,480,10T,12.987897872924805,49680.0,1507,1.7954957245251057e-05,3.6141218287542383e-10,Chr.B.M,"solar, 10T, medium",solar,medium
82,chronos_bolt_mini,solar/10T/short,Energy,1,48,10T,4.116032505035401,52056.0,2740,3.1295867586948e-05,6.011961654170124e-10,Chr.B.M,"solar, 10T, short",solar,short
83,chronos_bolt_mini,solar/D/short,Energy,1,30,D,0.2764322519302368,320.0,274,3.362922772873927e-05,1.0509133665231022e-07,Chr.B.M,"solar, D, short",solar,short
84,chronos_bolt_mini,solar/H/long,Energy,1,720,H,3.3009472846984864,7680.0,274,1.6732295644254292e-05,2.178684328678944e-09,Chr.B.M,"solar, H, long",solar,long
85,chronos_bolt_mini,solar/H/medium,Energy,1,480,H,2.276374888420105,8040.0,274,1.730820322703851e-05,2.1527615954028002e-09,Chr.B.M,"solar, H, medium",solar,medium
86,chronos_bolt_mini,solar/H/short,Energy,1,48,H,3.0896134853363035,8280.0,2603,2.472798602042758e-05,2.9864717415975337e-09,Chr.B.M,"solar, H, short",solar,short
87,chronos_bolt_mini,solar/W/short,Energy,1,8,W,0.20314185619354244,44.0,137,0.0001853484089357139,4.212463839448044e-06,Chr.B.M,"solar, W, short",solar,short
88,chronos_bolt_small,bitbrains_fast_storage/5T/long,Web/CloudOps,2,720,5T,124.18784649372101,7560.0,2500,6.899324805206723e-05,9.126091012178206e-09,Chr.B.S,"bitbrains_fast_storage, 5T, long",bitbrains_fast_storage,long
89,chronos_bolt_small,bitbrains_fast_storage/5T/medium,Web/CloudOps,2,480,5T,84.06403684616089,7920.0,2500,7.005336403846741e-05,8.845121722028713e-09,Chr.B.S,"bitbrains_fast_storage, 5T, medium",bitbrains_fast_storage,medium
90,chronos_bolt_small,bitbrains_fast_storage/5T/short,Web/CloudOps,2,48,5T,100.69875571727752,8184.0,22500,9.323958862710881e-05,1.1392911611328056e-08,Chr.B.S,"bitbrains_fast_storage, 5T, short",bitbrains_fast_storage,short
91,chronos_bolt_small,bitbrains_fast_storage/H/short,Web/CloudOps,2,48,H,5.338826513290405,649.0,2500,4.4490220944086705e-05,6.855195831138167e-08,Chr.B.S,"bitbrains_fast_storage, H, short",bitbrains_fast_storage,short
92,chronos_bolt_small,bitbrains_rnd/5T/long,Web/CloudOps,2,720,5T,49.8748777627945,7560.0,1000,6.92706635594368e-05,9.162786185110688e-09,Chr.B.S,"bitbrains_rnd, 5T, long",bitbrains_rnd,long
93,chronos_bolt_small,bitbrains_rnd/5T/medium,Web/CloudOps,2,480,5T,33.59090111255646,7920.0,1000,6.998104398449262e-05,8.835990402082401e-09,Chr.B.S,"bitbrains_rnd, 5T, medium",bitbrains_rnd,medium
94,chronos_bolt_small,bitbrains_rnd/5T/short,Web/CloudOps,2,48,5T,40.45806138515472,8184.0,9000,9.365291987304334e-05,1.1443416406774602e-08,Chr.B.S,"bitbrains_rnd, 5T, short",bitbrains_rnd,short
95,chronos_bolt_small,bitbrains_rnd/H/short,Web/CloudOps,2,48,H,2.1657614707946777,648.0,1000,4.512003064155579e-05,6.962967691598115e-08,Chr.B.S,"bitbrains_rnd, H, short",bitbrains_rnd,short
96,chronos_bolt_small,bizitobs_application/10S/long,Web/CloudOps,2,900,10S,0.38683204650878905,7934.0,1,0.00042981338500976563,5.417360537052755e-08,Chr.B.S,"bizitobs_application, 10S, long",bizitobs_application,long
97,chronos_bolt_small,bizitobs_application/10S/medium,Web/CloudOps,2,600,10S,0.2854862451553345,7934.0,2,0.00023790520429611207,2.9985531169159574e-08,Chr.B.S,"bizitobs_application, 10S, medium",bizitobs_application,medium
98,chronos_bolt_small,bizitobs_application/10S/short,Web/CloudOps,2,60,10S,0.11246271133422847,8354.0,15,0.00012495856814914274,1.4957932505284024e-08,Chr.B.S,"bizitobs_application, 10S, short",bizitobs_application,short
99,chronos_bolt_small,bizitobs_l2c/5T/long,Web/CloudOps,7,720,5T,0.9503941297531128,29808.0,5,0.0002639983693758647,8.856628065481235e-09,Chr.B.S,"bizitobs_l2c, 5T, long",bizitobs_l2c,long
100,chronos_bolt_small,bizitobs_l2c/5T/medium,Web/CloudOps,7,480,5T,0.8010354518890381,30048.0,7,0.00023840340830030897,7.934085739493776e-09,Chr.B.S,"bizitobs_l2c, 5T, medium",bizitobs_l2c,medium
101,chronos_bolt_small,bizitobs_l2c/5T/short,Web/CloudOps,7,48,5T,0.3386910200119018,31464.0,20,0.00035280314584573106,1.1212914627692953e-08,Chr.B.S,"bizitobs_l2c, 5T, short",bizitobs_l2c,short
102,chronos_bolt_small,bizitobs_l2c/H/long,Web/CloudOps,7,720,H,0.34269189834594727,1944.0,1,0.00047596096992492677,2.4483588987907756e-07,Chr.B.S,"bizitobs_l2c, H, long",bizitobs_l2c,long
103,chronos_bolt_small,bizitobs_l2c/H/medium,Web/CloudOps,7,480,H,0.24108157157897944,2184.0,1,0.0005022532741228738,2.2996944785845873e-07,Chr.B.S,"bizitobs_l2c, H, medium",bizitobs_l2c,medium
104,chronos_bolt_small,bizitobs_l2c/H/short,Web/CloudOps,7,48,H,0.12259509563446043,2496.0,6,0.00042567741539743207,1.7054383629704808e-07,Chr.B.S,"bizitobs_l2c, H, short",bizitobs_l2c,short
105,chronos_bolt_small,bizitobs_service/10S/long,Web/CloudOps,2,900,10S,1.4958308577537536,7935.0,21,7.914448982824093e-05,9.974100797509885e-09,Chr.B.S,"bizitobs_service, 10S, long",bizitobs_service,long
106,chronos_bolt_small,bizitobs_service/10S/medium,Web/CloudOps,2,600,10S,1.816582989692688,7935.0,42,7.208662657510666e-05,9.08464103025919e-09,Chr.B.S,"bizitobs_service, 10S, medium",bizitobs_service,medium
107,chronos_bolt_small,bizitobs_service/10S/short,Web/CloudOps,2,60,10S,1.4355164408683776,8355.0,315,7.59532508395967e-05,9.090754139987636e-09,Chr.B.S,"bizitobs_service, 10S, short",bizitobs_service,short
108,chronos_bolt_small,dominick/long,Sales,1,30,W,51.12274403572083,266.4834123222749,100014,1.703852928447378e-05,6.393842354385659e-08,Chr.B.S,"dominick, W, long",dominick,long
109,chronos_bolt_small,dominick/medium,Sales,1,20,W,51.24576163291931,276.4834123222749,100014,2.5619294115283516e-05,9.266123381543456e-08,Chr.B.S,"dominick, W, medium",dominick,medium
110,chronos_bolt_small,dominick/short,Sales,1,2,W,52.11702194213867,294.4834123222749,100014,0.00026054863290208706,8.847650563657199e-07,Chr.B.S,"dominick, W, short",dominick,short
111,chronos_bolt_small,ercot/long,Energy,1,720,H,0.6391074180603027,154152.0,8,0.00011095614896880254,7.197840376304073e-10,Chr.B.S,"ercot, H, long",ercot,long
112,chronos_bolt_small,ercot/medium,Energy,1,480,H,0.4313087224960327,154392.0,8,0.00011231997981667518,7.274987034086946e-10,Chr.B.S,"ercot, H, medium",ercot,medium
113,chronos_bolt_small,ercot/short,Energy,1,48,H,0.10132451057434078,154824.0,8,0.0002638659129540124,1.7042959292746115e-09,Chr.B.S,"ercot, H, short",ercot,short
114,chronos_bolt_small,exchange_rate/long,Econ/Fin,1,120,D,0.08559978008270261,7468.0,8,8.916643758614856e-05,1.1939801497877417e-08,Chr.B.S,"exchange_rate, D, long",exchange_rate,long
115,chronos_bolt_small,exchange_rate/medium,Econ/Fin,1,80,D,0.08501741886138911,7508.0,8,0.00013283971697092048,1.769308963384663e-08,Chr.B.S,"exchange_rate, D, medium",exchange_rate,medium
116,chronos_bolt_small,exchange_rate/short,Econ/Fin,1,8,D,0.05096135139465328,7580.0,8,0.0007962711155414575,1.0504895983396536e-07,Chr.B.S,"exchange_rate, D, short",exchange_rate,short
117,chronos_bolt_small,jena_weather/10T/long,Nature,21,720,10T,4.186262822151184,49464.0,8,0.0007267817399568028,1.4693145316933583e-08,Chr.B.S,"jena_weather, 10T, long",jena_weather,long
118,chronos_bolt_small,jena_weather/10T/medium,Nature,21,480,10T,3.971311068534851,49824.0,11,0.0007521422478285703,1.509598281608402e-08,Chr.B.S,"jena_weather, 10T, medium",jena_weather,medium
119,chronos_bolt_small,jena_weather/10T/short,Nature,21,48,10T,1.0825076818466186,52200.0,20,0.0011276121685902278,2.1601765681805127e-08,Chr.B.S,"jena_weather, 10T, short",jena_weather,short
120,chronos_bolt_small,jena_weather/D/short,Nature,21,30,D,0.060401153564453094,321.0,2,0.001006685892740885,3.13609312380338e-06,Chr.B.S,"jena_weather, D, short",jena_weather,short
121,chronos_bolt_small,jena_weather/H/long,Nature,21,720,H,1.1213634014129639,7704.0,2,0.0007787245843145583,1.0108055351954286e-07,Chr.B.S,"jena_weather, H, long",jena_weather,long
122,chronos_bolt_small,jena_weather/H/medium,Nature,21,480,H,0.7376335144042969,8064.0,2,0.0007683682441711426,9.528376043788971e-08,Chr.B.S,"jena_weather, H, medium",jena_weather,medium
123,chronos_bolt_small,jena_weather/H/short,Nature,21,48,H,0.8566682815551758,8304.0,19,0.0009393292560912016,1.1311768498208111e-07,Chr.B.S,"jena_weather, H, short",jena_weather,short
124,chronos_bolt_small,solar/10T/long,Energy,1,720,10T,27.423302841186523,49320.0,1096,3.475175238390425e-05,7.046178504441251e-10,Chr.B.S,"solar, 10T, long",solar,long
125,chronos_bolt_small,solar/10T/medium,Energy,1,480,10T,25.201900124549866,49680.0,1507,3.4840052151832927e-05,7.012892945215967e-10,Chr.B.S,"solar, 10T, medium",solar,medium
126,chronos_bolt_small,solar/10T/short,Energy,1,48,10T,6.849890899658203,52056.0,2740,5.208250379910434e-05,1.0005091401395487e-09,Chr.B.S,"solar, 10T, short",solar,short
127,chronos_bolt_small,solar/D/short,Energy,1,30,D,0.3322592973709106,320.0,274,4.042083909621783e-05,1.2631512217568072e-07,Chr.B.S,"solar, D, short",solar,short
128,chronos_bolt_small,solar/H/long,Energy,1,720,H,6.51544828414917,7680.0,274,3.302640046709839e-05,4.300312560820103e-09,Chr.B.S,"solar, H, long",solar,long
129,chronos_bolt_small,solar/H/medium,Energy,1,480,H,4.443316555023193,8040.0,274,3.378434120303523e-05,4.202032487939705e-09,Chr.B.S,"solar, H, medium",solar,medium
130,chronos_bolt_small,solar/H/short,Energy,1,48,H,5.546657085418701,8280.0,2603,4.4393144812225484e-05,5.361490919350904e-09,Chr.B.S,"solar, H, short",solar,short
131,chronos_bolt_small,solar/W/short,Energy,1,8,W,0.262460994720459,44.0,137,0.00023947171051136768,5.4425388752583566e-06,Chr.B.S,"solar, W, short",solar,short
132,chronos_bolt_tiny,bitbrains_fast_storage/5T/long,Web/CloudOps,2,720,5T,29.39157643318176,7560.0,2500,1.6328653573989867e-05,2.159874811374321e-09,Chr.B.T,"bitbrains_fast_storage, 5T, long",bitbrains_fast_storage,long
133,chronos_bolt_tiny,bitbrains_fast_storage/5T/medium,Web/CloudOps,2,480,5T,20.483352303504944,7920.0,2500,1.7069460252920786e-05,2.1552348804192913e-09,Chr.B.T,"bitbrains_fast_storage, 5T, medium",bitbrains_fast_storage,medium
134,chronos_bolt_tiny,bitbrains_fast_storage/5T/short,Web/CloudOps,2,48,5T,29.083142161369324,8184.0,22500,2.6928835334601224e-05,3.29042464987796e-09,Chr.B.T,"bitbrains_fast_storage, 5T, short",bitbrains_fast_storage,short
135,chronos_bolt_tiny,bitbrains_fast_storage/H/short,Web/CloudOps,2,48,H,2.885970950126648,649.0,2500,2.4049757917722065e-05,3.705663777769194e-08,Chr.B.T,"bitbrains_fast_storage, H, short",bitbrains_fast_storage,short
136,chronos_bolt_tiny,bitbrains_rnd/5T/long,Web/CloudOps,2,720,5T,11.709210848808288,7560.0,1000,1.6262792845567066e-05,2.1511630748104586e-09,Chr.B.T,"bitbrains_rnd, 5T, long",bitbrains_rnd,long
137,chronos_bolt_tiny,bitbrains_rnd/5T/medium,Web/CloudOps,2,480,5T,8.149471330642701,7920.0,1000,1.6978065272172293e-05,2.1436951101227642e-09,Chr.B.T,"bitbrains_rnd, 5T, medium",bitbrains_rnd,medium
138,chronos_bolt_tiny,bitbrains_rnd/5T/short,Web/CloudOps,2,48,5T,12.166060853004456,8184.0,9000,2.816217790047328e-05,3.4411263319248874e-09,Chr.B.T,"bitbrains_rnd, 5T, short",bitbrains_rnd,short
139,chronos_bolt_tiny,bitbrains_rnd/H/short,Web/CloudOps,2,48,H,1.1611207008361817,648.0,1000,2.4190014600753787e-05,3.7330269445607696e-08,Chr.B.T,"bitbrains_rnd, H, short",bitbrains_rnd,short
140,chronos_bolt_tiny,bizitobs_application/10S/long,Web/CloudOps,2,900,10S,0.23707516193389888,7934.0,1,0.00026341684659322097,3.320101419123027e-08,Chr.B.T,"bizitobs_application, 10S, long",bizitobs_application,long
141,chronos_bolt_tiny,bizitobs_application/10S/medium,Web/CloudOps,2,600,10S,0.19331619739532466,7934.0,2,0.00016109683116277056,2.03046169854765e-08,Chr.B.T,"bizitobs_application, 10S, medium",bizitobs_application,medium
142,chronos_bolt_tiny,bizitobs_application/10S/short,Web/CloudOps,2,60,10S,0.05607674121856683,8354.0,15,6.230749024285204e-05,7.458401992201585e-09,Chr.B.T,"bizitobs_application, 10S, short",bizitobs_application,short
143,chronos_bolt_tiny,bizitobs_l2c/5T/long,Web/CloudOps,7,720,5T,0.2548411130905151,29808.0,5,7.078919808069864e-05,2.3748389050153864e-09,Chr.B.T,"bizitobs_l2c, 5T, long",bizitobs_l2c,long
144,chronos_bolt_tiny,bizitobs_l2c/5T/medium,Web/CloudOps,7,480,5T,0.22375042438507076,30048.0,7,6.659238820984249e-05,2.216200353096462e-09,Chr.B.T,"bizitobs_l2c, 5T, medium",bizitobs_l2c,medium
145,chronos_bolt_tiny,bizitobs_l2c/5T/short,Web/CloudOps,7,48,5T,0.14831225872039794,31464.0,20,0.00015449193616708117,4.910117472892232e-09,Chr.B.T,"bizitobs_l2c, 5T, short",bizitobs_l2c,short
146,chronos_bolt_tiny,bizitobs_l2c/H/long,Web/CloudOps,7,720,H,0.2199951410293579,1944.0,1,0.0003055488069852193,1.5717531223519513e-07,Chr.B.T,"bizitobs_l2c, H, long",bizitobs_l2c,long
147,chronos_bolt_tiny,bizitobs_l2c/H/medium,Web/CloudOps,7,480,H,0.16827399730682369,2184.0,1,0.00035057082772254933,1.6051777826124055e-07,Chr.B.T,"bizitobs_l2c, H, medium",bizitobs_l2c,medium
148,chronos_bolt_tiny,bizitobs_l2c/H/short,Web/CloudOps,7,48,H,0.06607537269592281,2496.0,6,0.00022942837741639864,9.191842043926228e-08,Chr.B.T,"bizitobs_l2c, H, short",bizitobs_l2c,short
149,chronos_bolt_tiny,bizitobs_service/10S/long,Web/CloudOps,2,900,10S,0.4089568853378296,7935.0,21,2.1637930441155003e-05,2.726897346081286e-09,Chr.B.T,"bizitobs_service, 10S, long",bizitobs_service,long
150,chronos_bolt_tiny,bizitobs_service/10S/medium,Web/CloudOps,2,600,10S,0.4799431085586548,7935.0,42,1.904536145074027e-05,2.4001715753925986e-09,Chr.B.T,"bizitobs_service, 10S, medium",bizitobs_service,medium
151,chronos_bolt_tiny,bizitobs_service/10S/short,Web/CloudOps,2,60,10S,0.48166637420654296,8355.0,315,2.5484993344261534e-05,3.050268503203056e-09,Chr.B.T,"bizitobs_service, 10S, short",bizitobs_service,short
152,chronos_bolt_tiny,dominick/long,Sales,1,30,W,22.455394411087035,266.4834123222749,100014,7.4840836986445345e-06,2.8084613722949362e-08,Chr.B.T,"dominick, W, long",dominick,long
153,chronos_bolt_tiny,dominick/medium,Sales,1,20,W,22.33256366252899,276.4834123222749,100014,1.1164718770636606e-05,4.03811522610361e-08,Chr.B.T,"dominick, W, medium",dominick,medium
154,chronos_bolt_tiny,dominick/short,Sales,1,2,W,22.357390379905702,294.4834123222749,100014,0.00011177130391698014,3.7955042369130306e-07,Chr.B.T,"dominick, W, short",dominick,short
155,chronos_bolt_tiny,ercot/long,Energy,1,720,H,0.2180403232574463,154152.0,8,3.785422278775109e-05,2.4556426635886067e-10,Chr.B.T,"ercot, H, long",ercot,long
156,chronos_bolt_tiny,ercot/medium,Energy,1,480,H,0.15004236698150633,154392.0,8,3.907353306810061e-05,2.5308003697147913e-10,Chr.B.T,"ercot, H, medium",ercot,medium
157,chronos_bolt_tiny,ercot/short,Energy,1,48,H,0.05438320636749262,154824.0,8,0.00014162293324867871,9.147350103903704e-10,Chr.B.T,"ercot, H, short",ercot,short
158,chronos_bolt_tiny,exchange_rate/long,Econ/Fin,1,120,D,0.0588288307189941,7468.0,8,6.128003199895219e-05,8.205681842387814e-09,Chr.B.T,"exchange_rate, D, long",exchange_rate,long
159,chronos_bolt_tiny,exchange_rate/medium,Econ/Fin,1,80,D,0.058669042587280215,7508.0,8,9.167037904262534e-05,1.2209693532581957e-08,Chr.B.T,"exchange_rate, D, medium",exchange_rate,medium
160,chronos_bolt_tiny,exchange_rate/short,Econ/Fin,1,8,D,0.039955282211303664,7580.0,8,0.0006243012845516197,8.236164703847226e-08,Chr.B.T,"exchange_rate, D, short",exchange_rate,short
161,chronos_bolt_tiny,jena_weather/10T/long,Nature,21,720,10T,1.0128631353378297,49464.0,8,0.00017584429432948432,3.5549954376816334e-09,Chr.B.T,"jena_weather, 10T, long",jena_weather,long
162,chronos_bolt_tiny,jena_weather/10T/medium,Nature,21,480,10T,0.9121445178985595,49824.0,11,0.00017275464354139385,3.4672977589393437e-09,Chr.B.T,"jena_weather, 10T, medium",jena_weather,medium
163,chronos_bolt_tiny,jena_weather/10T/short,Nature,21,48,10T,0.3878628492355346,52200.0,20,0.0004040238012870152,7.739919564885349e-09,Chr.B.T,"jena_weather, 10T, short",jena_weather,short
164,chronos_bolt_tiny,jena_weather/D/short,Nature,21,30,D,0.059146499633789006,321.0,2,0.0009857749938964834,3.0709501367491696e-06,Chr.B.T,"jena_weather, D, short",jena_weather,short
165,chronos_bolt_tiny,jena_weather/H/long,Nature,21,720,H,0.2768611431121826,7704.0,2,0.00019226468271679346,2.4956474911317944e-08,Chr.B.T,"jena_weather, H, long",jena_weather,long
166,chronos_bolt_tiny,jena_weather/H/medium,Nature,21,480,H,0.1985897541046142,8064.0,2,0.00020686432719230647,2.5652818352220545e-08,Chr.B.T,"jena_weather, H, medium",jena_weather,medium
167,chronos_bolt_tiny,jena_weather/H/short,Nature,21,48,H,0.3157722353935241,8304.0,19,0.00034624148617710975,4.1695747372002623e-08,Chr.B.T,"jena_weather, H, short",jena_weather,short
168,chronos_bolt_tiny,solar/10T/long,Energy,1,720,10T,6.540892601013184,49320.0,1096,8.288844030075507e-06,1.6806253102342876e-10,Chr.B.T,"solar, 10T, long",solar,long
169,chronos_bolt_tiny,solar/10T/medium,Energy,1,480,10T,6.059091377258301,49680.0,1507,8.376315219611675e-06,1.686053788166601e-10,Chr.B.T,"solar, 10T, medium",solar,medium
170,chronos_bolt_tiny,solar/10T/short,Energy,1,48,10T,2.43547043800354,52056.0,2740,1.8517871335185067e-05,3.5572981664332775e-10,Chr.B.T,"solar, 10T, short",solar,short
171,chronos_bolt_tiny,solar/D/short,Energy,1,30,D,0.21212644577026363,320.0,274,2.5806136955019906e-05,8.06441779844372e-08,Chr.B.T,"solar, D, short",solar,short
172,chronos_bolt_tiny,solar/H/long,Energy,1,720,H,1.5872284293174743,7680.0,274,8.045561786889062e-06,1.04759919100118e-09,Chr.B.T,"solar, H, long",solar,long
173,chronos_bolt_tiny,solar/H/medium,Energy,1,480,H,1.1218246459960937,8040.0,274,8.529688610067623e-06,1.060906543540749e-09,Chr.B.T,"solar, H, medium",solar,medium
174,chronos_bolt_tiny,solar/H/short,Energy,1,48,H,1.7595548152923584,8280.0,2603,1.4082747593260648e-05,1.7008149267223004e-09,Chr.B.T,"solar, H, short",solar,short
175,chronos_bolt_tiny,solar/W/short,Energy,1,8,W,0.21428995132446285,44.0,137,0.0001955200285807143,4.443637013198052e-06,Chr.B.T,"solar, W, short",solar,short
176,moirai_base,bitbrains_fast_storage/5T/long,Web/CloudOps,2,720,5T,0.03436174392700189,7560.0,2500,1.9089857737223273e-08,2.525113457304666e-12,Moi.B,"bitbrains_fast_storage, 5T, long",bitbrains_fast_storage,long
177,moirai_base,bitbrains_fast_storage/5T/medium,Web/CloudOps,2,480,5T,0.035764575004577595,7920.0,2500,2.980381250381466e-08,3.7631076393705385e-12,Moi.B,"bitbrains_fast_storage, 5T, medium",bitbrains_fast_storage,medium
178,moirai_base,bitbrains_fast_storage/5T/short,Web/CloudOps,2,48,5T,0.03470835685729975,8184.0,22500,3.213736746046273e-08,3.9268533065081535e-12,Moi.B,"bitbrains_fast_storage, 5T, short",bitbrains_fast_storage,short
179,moirai_base,bitbrains_fast_storage/H/short,Web/CloudOps,2,48,H,0.0027406215667724,649.0,2500,2.2838513056436664e-08,3.519031287586543e-11,Moi.B,"bitbrains_fast_storage, H, short",bitbrains_fast_storage,short
180,moirai_base,bitbrains_rnd/5T/long,Web/CloudOps,2,720,5T,0.00990629196166988,7560.0,1000,1.3758738835652611e-08,1.8199389994249486e-12,Moi.B,"bitbrains_rnd, 5T, long",bitbrains_rnd,long
181,moirai_base,bitbrains_rnd/5T/medium,Web/CloudOps,2,480,5T,0.00944938659667963,7920.0,1000,1.9686222076415894e-08,2.4856341005575627e-12,Moi.B,"bitbrains_rnd, 5T, medium",bitbrains_rnd,medium
182,moirai_base,bitbrains_rnd/5T/short,Web/CloudOps,2,48,5T,0.00974349975585934,8184.0,9000,2.255439758300773e-08,2.7559136831632126e-12,Moi.B,"bitbrains_rnd, 5T, short",bitbrains_rnd,short
183,moirai_base,bitbrains_rnd/H/short,Web/CloudOps,2,48,H,0.00195600986480708,648.0,1000,4.075020551681417e-08,6.288611962471322e-11,Moi.B,"bitbrains_rnd, H, short",bitbrains_rnd,short
184,moirai_base,bizitobs_application/10S/long,Web/CloudOps,2,900,10S,0.00153174400329586,7934.0,1,1.7019377814398444e-06,2.145119462364311e-10,Moi.B,"bizitobs_application, 10S, long",bizitobs_application,long
185,moirai_base,bizitobs_application/10S/medium,Web/CloudOps,2,600,10S,0.00157363414764398,7934.0,2,1.3113617897033167e-06,1.6528381518821736e-10,Moi.B,"bizitobs_application, 10S, medium",bizitobs_application,medium
186,moirai_base,bizitobs_application/10S/short,Web/CloudOps,2,60,10S,0.00160787105560297,8354.0,15,1.786523395114411e-06,2.1385245332947225e-10,Moi.B,"bizitobs_application, 10S, short",bizitobs_application,short
187,moirai_base,bizitobs_l2c/5T/long,Web/CloudOps,7,720,5T,0.0013501644134521,29808.0,5,3.7504567040336114e-07,1.2582047450461658e-11,Moi.B,"bizitobs_l2c, 5T, long",bizitobs_l2c,long
188,moirai_base,bizitobs_l2c/5T/medium,Web/CloudOps,7,480,5T,0.00148763656616205,30048.0,7,4.4274897802441966e-07,1.4734723709545383e-11,Moi.B,"bizitobs_l2c, 5T, medium",bizitobs_l2c,medium
189,moirai_base,bizitobs_l2c/5T/short,Web/CloudOps,7,48,5T,0.00139098167419429,31464.0,20,1.4489392439523854e-06,4.60507006087079e-11,Moi.B,"bizitobs_l2c, 5T, short",bizitobs_l2c,short
190,moirai_base,bizitobs_l2c/H/long,Web/CloudOps,7,720,H,0.00114188194274898,1944.0,1,1.5859471427069166e-06,8.158164314335991e-10,Moi.B,"bizitobs_l2c, H, long",bizitobs_l2c,long
191,moirai_base,bizitobs_l2c/H/medium,Web/CloudOps,7,480,H,0.00103204250335689,2184.0,1,2.1500885486601876e-06,9.84472778690562e-10,Moi.B,"bizitobs_l2c, H, medium",bizitobs_l2c,medium
192,moirai_base,bizitobs_l2c/H/short,Web/CloudOps,7,48,H,0.00111169815063472,2496.0,6,3.860063023037222e-06,1.5464996085886306e-09,Moi.B,"bizitobs_l2c, H, short",bizitobs_l2c,short
193,moirai_base,bizitobs_service/10S/long,Web/CloudOps,2,900,10S,0.00209789276123044,7935.0,21,1.1099961699631956e-07,1.3988609577355963e-11,Moi.B,"bizitobs_service, 10S, long",bizitobs_service,long
194,moirai_base,bizitobs_service/10S/medium,Web/CloudOps,2,600,10S,0.00223019123077389,7935.0,42,8.84996520148369e-08,1.1153075238164701e-11,Moi.B,"bizitobs_service, 10S, medium",bizitobs_service,medium
195,moirai_base,bizitobs_service/10S/short,Web/CloudOps,2,60,10S,0.00208075046539302,8355.0,315,1.100926172165619e-07,1.3176854244950557e-11,Moi.B,"bizitobs_service, 10S, short",bizitobs_service,short
196,moirai_base,dominick/long,Sales,1,30,W,6.103515625e-06,266.4834123222749,100014,2.0342204174748868e-12,7.633572385416539e-15,Moi.B,"dominick, W, long",dominick,long
197,moirai_base,dominick/medium,Sales,1,20,W,6.580352783203125e-06,276.4834123222749,100014,3.2897158313851686e-12,1.1898420247904806e-14,Moi.B,"dominick, W, medium",dominick,medium
198,moirai_base,dominick/short,Sales,1,2,W,6.270408630371094e-06,294.4834123222749,100014,3.134765448022824e-11,1.0644964425338223e-13,Moi.B,"dominick, W, short",dominick,short
199,moirai_base,ercot/long,Energy,1,720,H,6.413459777832031e-06,154152.0,8,1.1134478780958387e-09,7.223051780682954e-15,Moi.B,"ercot, H, long",ercot,long
200,moirai_base,ercot/medium,Energy,1,480,H,5.769729614257812e-06,154392.0,8,1.502533753712972e-09,9.73194047433139e-15,Moi.B,"ercot, H, medium",ercot,medium
201,moirai_base,ercot/short,Energy,1,48,H,6.270408630371094e-06,154824.0,8,1.632918914159139e-08,1.0546936612922667e-13,Moi.B,"ercot, H, short",ercot,short
202,moirai_base,exchange_rate/long,Econ/Fin,1,120,D,6.055831909179687e-06,7468.0,8,6.30815823872884e-09,8.446917834398555e-13,Moi.B,"exchange_rate, D, long",exchange_rate,long
203,moirai_base,exchange_rate/medium,Econ/Fin,1,80,D,6.031990051269531e-06,7508.0,8,9.424984455108644e-09,1.2553255800624192e-12,Moi.B,"exchange_rate, D, medium",exchange_rate,medium
204,moirai_base,exchange_rate/short,Econ/Fin,1,8,D,6.318092346191406e-06,7580.0,8,9.872019290924072e-08,1.3023772151614872e-11,Moi.B,"exchange_rate, D, short",exchange_rate,short
205,moirai_base,jena_weather/10T/long,Nature,21,720,10T,0.00203320980072017,49464.0,8,3.529878126250295e-07,7.136256926755409e-12,Moi.B,"jena_weather, 10T, long",jena_weather,long
206,moirai_base,jena_weather/10T/medium,Nature,21,480,10T,0.00208528041839595,49824.0,11,3.9493947318105113e-07,7.926691417410307e-12,Moi.B,"jena_weather, 10T, medium",jena_weather,medium
207,moirai_base,jena_weather/10T/short,Nature,21,48,10T,0.00208039283752437,52200.0,20,2.167075872421219e-06,4.151486345634519e-11,Moi.B,"jena_weather, 10T, short",jena_weather,short
208,moirai_base,jena_weather/D/short,Nature,21,30,D,0.0010313272476196,321.0,2,1.7188787460326667e-05,5.354762448699896e-08,Moi.B,"jena_weather, D, short",jena_weather,short
209,moirai_base,jena_weather/H/long,Nature,21,720,H,0.00125577449798578,7704.0,2,8.720656236012362e-07,1.13196472430067e-10,Moi.B,"jena_weather, H, long",jena_weather,long
210,moirai_base,jena_weather/H/medium,Nature,21,480,H,0.00127720832824704,8064.0,2,1.330425341924e-06,1.6498330132986111e-10,Moi.B,"jena_weather, H, medium",jena_weather,medium
211,moirai_base,jena_weather/H/short,Nature,21,48,H,0.00122346878051752,8304.0,19,1.3415227856551755e-06,1.6155139518968876e-10,Moi.B,"jena_weather, H, short",jena_weather,short
212,moirai_base,solar/10T/long,Energy,1,720,10T,0.0008396148681640099,49320.0,1096,1.0639888333384148e-09,2.157317180329308e-14,Moi.B,"solar, 10T, long",solar,long
213,moirai_base,solar/10T/medium,Energy,1,480,10T,0.0008617401123046399,49680.0,1507,1.1913018584171643e-09,2.397950600678672e-14,Moi.B,"solar, 10T, medium",solar,medium
214,moirai_base,solar/10T/short,Energy,1,48,10T,0.0008671760559081501,52056.0,2740,6.593491909277297e-09,1.2666151662204734e-13,Moi.B,"solar, 10T, short",solar,short
215,moirai_base,solar/D/short,Energy,1,30,D,0.0007841825485229,320.0,274,9.53993368032725e-08,2.9812292751022655e-10,Moi.B,"solar, D, short",solar,short
216,moirai_base,solar/H/long,Energy,1,720,H,0.00076699256896967,7680.0,274,3.887837433950071e-09,5.062288325455821e-13,Moi.B,"solar, H, long",solar,long
217,moirai_base,solar/H/medium,Energy,1,480,H,0.0007918834686278899,8040.0,274,6.021011774847095e-09,7.488820615481462e-13,Moi.B,"solar, H, medium",solar,medium
218,moirai_base,solar/H/short,Energy,1,48,H,0.0008279085159301199,8280.0,2603,6.62623668147426e-09,8.002701306128333e-13,Moi.B,"solar, H, short",solar,short
219,moirai_base,solar/W/short,Energy,1,8,W,0.000754165649414,44.0,137,6.881073443558394e-07,1.5638803280814532e-08,Moi.B,"solar, W, short",solar,short
220,moirai_large,bitbrains_fast_storage/5T/long,Web/CloudOps,2,720,5T,0.03648297786712642,7560.0,2500,2.0268321037292455e-08,2.6809948462027057e-12,Moi.L,"bitbrains_fast_storage, 5T, long",bitbrains_fast_storage,long
221,moirai_large,bitbrains_fast_storage/5T/medium,Web/CloudOps,2,480,5T,0.03779900074005121,7920.0,2500,3.1499167283376004e-08,3.977167586284849e-12,Moi.L,"bitbrains_fast_storage, 5T, medium",bitbrains_fast_storage,medium
222,moirai_large,bitbrains_fast_storage/5T/short,Web/CloudOps,2,48,5T,0.03837559223175044,8184.0,22500,3.5532955770139296e-08,4.341759013946639e-12,Moi.L,"bitbrains_fast_storage, 5T, short",bitbrains_fast_storage,short
223,moirai_large,bitbrains_fast_storage/H/short,Web/CloudOps,2,48,H,0.0027336597442626396,649.0,2500,2.278049786885533e-08,3.5100921215493573e-11,Moi.L,"bitbrains_fast_storage, H, short",bitbrains_fast_storage,short
224,moirai_large,bitbrains_rnd/5T/long,Web/CloudOps,2,720,5T,0.01009888648986814,7560.0,1000,1.4026231235927973e-08,1.855321592053965e-12,Moi.L,"bitbrains_rnd, 5T, long",bitbrains_rnd,long
225,moirai_large,bitbrains_rnd/5T/medium,Web/CloudOps,2,480,5T,0.00965750217437738,7920.0,1000,2.0119796196619543e-08,2.5403783076539825e-12,Moi.L,"bitbrains_rnd, 5T, medium",bitbrains_rnd,medium
226,moirai_large,bitbrains_rnd/5T/short,Web/CloudOps,2,48,5T,0.011247348785400329,8184.0,9000,2.6035529595834095e-08,3.1812719447500116e-12,Moi.L,"bitbrains_rnd, 5T, short",bitbrains_rnd,short
227,moirai_large,bitbrains_rnd/H/short,Web/CloudOps,2,48,H,0.00184421539306635,648.0,1000,3.842115402221562e-08,5.929190435527103e-11,Moi.L,"bitbrains_rnd, H, short",bitbrains_rnd,short
228,moirai_large,bizitobs_application/10S/long,Web/CloudOps,2,900,10S,0.00169351100921626,7934.0,1,1.881678899129178e-06,2.3716648589982074e-10,Moi.L,"bizitobs_application, 10S, long",bizitobs_application,long
229,moirai_large,bizitobs_application/10S/medium,Web/CloudOps,2,600,10S,0.0016371726989745602,7934.0,2,1.3643105824788003e-06,1.719574719534661e-10,Moi.L,"bizitobs_application, 10S, medium",bizitobs_application,medium
230,moirai_large,bizitobs_application/10S/short,Web/CloudOps,2,60,10S,0.00153429508209223,8354.0,15,1.704772313435811e-06,2.0406659246298912e-10,Moi.L,"bizitobs_application, 10S, short",bizitobs_application,short
231,moirai_large,bizitobs_l2c/5T/long,Web/CloudOps,7,720,5T,0.00129988193511959,29808.0,5,3.6107831531099723e-07,1.2113470052032918e-11,Moi.L,"bizitobs_l2c, 5T, long",bizitobs_l2c,long
232,moirai_large,bizitobs_l2c/5T/medium,Web/CloudOps,7,480,5T,0.00144464969635005,30048.0,7,4.299552667708482e-07,1.4308947909040475e-11,Moi.L,"bizitobs_l2c, 5T, medium",bizitobs_l2c,medium
233,moirai_large,bizitobs_l2c/5T/short,Web/CloudOps,7,48,5T,0.00136182308197018,31464.0,20,1.4185657103856043e-06,4.5085358199389914e-11,Moi.L,"bizitobs_l2c, 5T, short",bizitobs_l2c,short
234,moirai_large,bizitobs_l2c/H/long,Web/CloudOps,7,720,H,0.00107161998748774,1944.0,1,1.4883610937329721e-06,7.65617846570459e-10,Moi.L,"bizitobs_l2c, H, long",bizitobs_l2c,long
235,moirai_large,bizitobs_l2c/H/medium,Web/CloudOps,7,480,H,0.00098321437835688,2184.0,1,2.0483632882435e-06,9.37895278499771e-10,Moi.L,"bizitobs_l2c, H, medium",bizitobs_l2c,medium
236,moirai_large,bizitobs_l2c/H/short,Web/CloudOps,7,48,H,0.00107426643371579,2496.0,6,3.7300917837353817e-06,1.4944277979709062e-09,Moi.L,"bizitobs_l2c, H, short",bizitobs_l2c,short
237,moirai_large,bizitobs_service/10S/long,Web/CloudOps,2,900,10S,0.00212557315826412,7935.0,21,1.1246418826794286e-07,1.4173180626079756e-11,Moi.L,"bizitobs_service, 10S, long",bizitobs_service,long
238,moirai_large,bizitobs_service/10S/medium,Web/CloudOps,2,600,10S,0.00204501152038568,7935.0,42,8.115125080895556e-08,1.0227000732067494e-11,Moi.L,"bizitobs_service, 10S, medium",bizitobs_service,medium
239,moirai_large,bizitobs_service/10S/short,Web/CloudOps,2,60,10S,0.00202097892761226,8355.0,315,1.0693010199006668e-07,1.2798336563742271e-11,Moi.L,"bizitobs_service, 10S, short",bizitobs_service,short
240,moirai_large,dominick/long,Sales,1,30,W,6.031990051269531e-06,266.4834123222749,100014,2.010381896957603e-12,7.544116459024939e-15,Moi.L,"dominick, W, long",dominick,long
241,moirai_large,dominick/medium,Sales,1,20,W,6.270408630371094e-06,276.4834123222749,100014,3.1347654480228236e-12,1.1337987410141174e-14,Moi.L,"dominick, W, medium",dominick,medium
242,moirai_large,dominick/short,Sales,1,2,W,5.7220458984375e-06,294.4834123222749,100014,2.8606224620740598e-11,9.714035977494956e-14,Moi.L,"dominick, W, short",dominick,short
243,moirai_large,ercot/long,Energy,1,720,H,6.270408630371094e-06,154152.0,8,1.088612609439426e-09,7.061942819032034e-15,Moi.L,"ercot, H, long",ercot,long
244,moirai_large,ercot/medium,Energy,1,480,H,5.936622619628906e-06,154392.0,8,1.5459954738616943e-09,1.0013442884745934e-14,Moi.L,"ercot, H, medium",ercot,medium
245,moirai_large,ercot/short,Energy,1,48,H,6.151199340820313e-06,154824.0,8,1.601874828338623e-08,1.0346424510015393e-13,Moi.L,"ercot, H, short",ercot,short
246,moirai_large,exchange_rate/long,Econ/Fin,1,120,D,6.127357482910156e-06,7468.0,8,6.3826640446980796e-09,8.546684580474128e-13,Moi.L,"exchange_rate, D, long",exchange_rate,long
247,moirai_large,exchange_rate/medium,Econ/Fin,1,80,D,5.936622619628906e-06,7508.0,8,9.275972843170165e-09,1.2354785353183492e-12,Moi.L,"exchange_rate, D, medium",exchange_rate,medium
248,moirai_large,exchange_rate/short,Econ/Fin,1,8,D,6.079673767089844e-06,7580.0,8,9.499490261077881e-08,1.2532309051553932e-11,Moi.L,"exchange_rate, D, short",exchange_rate,short
249,moirai_large,jena_weather/10T/long,Nature,21,720,10T,0.00214180946350093,49464.0,8,3.7184192074668925e-07,7.517425213219498e-12,Moi.L,"jena_weather, 10T, long",jena_weather,long
250,moirai_large,jena_weather/10T/medium,Nature,21,480,10T,0.0021503925323485902,49824.0,11,4.072713129448088e-07,8.174199440928242e-12,Moi.L,"jena_weather, 10T, medium",jena_weather,medium
251,moirai_large,jena_weather/10T/short,Nature,21,48,10T,0.0053001642227172305,52200.0,20,5.521004398663782e-06,1.057663677904939e-10,Moi.L,"jena_weather, 10T, short",jena_weather,short
252,moirai_large,jena_weather/D/short,Nature,21,30,D,0.00124750137329097,321.0,2,2.07916895548495e-05,6.477161855093302e-08,Moi.L,"jena_weather, D, short",jena_weather,short
253,moirai_large,jena_weather/H/long,Nature,21,720,H,0.00126955509185787,7704.0,2,8.816354804568541e-07,1.1443866568754597e-10,Moi.L,"jena_weather, H, long",jena_weather,long
254,moirai_large,jena_weather/H/medium,Nature,21,480,H,0.00128614902496333,8064.0,2,1.3397385676701353e-06,1.6613821523687195e-10,Moi.L,"jena_weather, H, medium",jena_weather,medium
255,moirai_large,jena_weather/H/short,Nature,21,48,H,0.00273356437683099,8304.0,19,2.997329360560296e-06,3.609500675048526e-10,Moi.L,"jena_weather, H, short",jena_weather,short
256,moirai_large,solar/10T/long,Energy,1,720,10T,0.00092096328735347,49320.0,1096,1.1670763475180834e-09,2.3663348489823265e-14,Moi.L,"solar, 10T, long",solar,long
257,moirai_large,solar/10T/medium,Energy,1,480,10T,0.00091283321380611,49680.0,1507,1.261934878630433e-09,2.540126567291532e-14,Moi.L,"solar, 10T, medium",solar,medium
258,moirai_large,solar/10T/short,Energy,1,48,10T,0.0008927345275878299,52056.0,2740,6.787823354530337e-09,1.303946395137993e-13,Moi.L,"solar, 10T, short",solar,short
259,moirai_large,solar/D/short,Energy,1,30,D,0.00075485706329342,320.0,274,9.183175952474697e-08,2.869742485148343e-10,Moi.L,"solar, D, short",solar,short
260,moirai_large,solar/H/long,Energy,1,720,H,0.0008030891418456599,7680.0,274,4.070808707652372e-09,5.300532171422359e-13,Moi.L,"solar, H, long",solar,long
261,moirai_large,solar/H/medium,Energy,1,480,H,0.0007738590240478,8040.0,274,5.883964598903589e-09,7.318363928984563e-13,Moi.L,"solar, H, medium",solar,medium
262,moirai_large,solar/H/short,Energy,1,48,H,0.00076303482055658,8280.0,2603,6.107014506951755e-09,7.375621385207434e-13,Moi.L,"solar, H, short",solar,short
263,moirai_large,solar/W/short,Energy,1,8,W,0.00076313018798824,44.0,137,6.962866678724818e-07,1.5824696997101857e-08,Moi.L,"solar, W, short",solar,short
264,moirai_small,bitbrains_fast_storage/5T/long,Web/CloudOps,2,720,5T,0.03350369930267329,7560.0,2500,1.8613166279262937e-08,2.462059031648537e-12,Moi.S,"bitbrains_fast_storage, 5T, long",bitbrains_fast_storage,long
265,moirai_small,bitbrains_fast_storage/5T/medium,Web/CloudOps,2,480,5T,0.034114789962768496,7920.0,2500,2.8428991635640413e-08,3.5895191459141936e-12,Moi.S,"bitbrains_fast_storage, 5T, medium",bitbrains_fast_storage,medium
266,moirai_small,bitbrains_fast_storage/5T/short,Web/CloudOps,2,48,5T,0.03485853672027584,8184.0,22500,3.2276422889144295e-08,3.943844439045002e-12,Moi.S,"bitbrains_fast_storage, 5T, short",bitbrains_fast_storage,short
267,moirai_small,bitbrains_fast_storage/H/short,Web/CloudOps,2,48,H,0.00377686023712151,649.0,2500,3.147383530934591e-08,4.84958941592387e-11,Moi.S,"bitbrains_fast_storage, H, short",bitbrains_fast_storage,short
268,moirai_small,bitbrains_rnd/5T/long,Web/CloudOps,2,720,5T,0.00975661277770992,7560.0,1000,1.3550851080152667e-08,1.7924406190678132e-12,Moi.S,"bitbrains_rnd, 5T, long",bitbrains_rnd,long
269,moirai_small,bitbrains_rnd/5T/medium,Web/CloudOps,2,480,5T,0.00932915210723874,7920.0,1000,1.9435733556747378e-08,2.454006762215578e-12,Moi.S,"bitbrains_rnd, 5T, medium",bitbrains_rnd,medium
270,moirai_small,bitbrains_rnd/5T/short,Web/CloudOps,2,48,5T,0.01063795089721674,8184.0,9000,2.4624886336149863e-08,3.0089059550525246e-12,Moi.S,"bitbrains_rnd, 5T, short",bitbrains_rnd,short
271,moirai_small,bitbrains_rnd/H/short,Web/CloudOps,2,48,H,0.00191693305969233,648.0,1000,3.993610541025688e-08,6.162979229977913e-11,Moi.S,"bitbrains_rnd, H, short",bitbrains_rnd,short
272,moirai_small,bizitobs_application/10S/long,Web/CloudOps,2,900,10S,0.0014511346817016,7934.0,1,1.6123718685573335e-06,2.0322307392958576e-10,Moi.S,"bizitobs_application, 10S, long",bizitobs_application,long
273,moirai_small,bizitobs_application/10S/medium,Web/CloudOps,2,600,10S,0.00152554512023919,7934.0,2,1.271287600199325e-06,1.6023287121241808e-10,Moi.S,"bizitobs_application, 10S, medium",bizitobs_application,medium
274,moirai_small,bizitobs_application/10S/short,Web/CloudOps,2,60,10S,0.00163376331329342,8354.0,15,1.815292570326022e-06,2.1729621382882716e-10,Moi.S,"bizitobs_application, 10S, short",bizitobs_application,short
275,moirai_small,bizitobs_l2c/5T/long,Web/CloudOps,7,720,5T,0.00142221450805658,29808.0,5,3.9505958557127223e-07,1.3253475092970754e-11,Moi.S,"bizitobs_l2c, 5T, long",bizitobs_l2c,long
276,moirai_small,bizitobs_l2c/5T/medium,Web/CloudOps,7,480,5T,0.00129320621490475,30048.0,7,3.848828020549851e-07,1.2808932443256959e-11,Moi.S,"bizitobs_l2c, 5T, medium",bizitobs_l2c,medium
277,moirai_small,bizitobs_l2c/5T/short,Web/CloudOps,7,48,5T,0.00129263401031489,31464.0,20,1.346493760744677e-06,4.2794741950949565e-11,Moi.S,"bizitobs_l2c, 5T, short",bizitobs_l2c,short
278,moirai_small,bizitobs_l2c/H/long,Web/CloudOps,7,720,H,0.0009817838668822701,1944.0,1,1.363588704003153e-06,7.014345185201404e-10,Moi.S,"bizitobs_l2c, H, long",bizitobs_l2c,long
279,moirai_small,bizitobs_l2c/H/medium,Web/CloudOps,7,480,H,0.0010961532592773,2184.0,1,2.283652623494375e-06,1.0456284906109777e-09,Moi.S,"bizitobs_l2c, H, medium",bizitobs_l2c,medium
280,moirai_small,bizitobs_l2c/H/short,Web/CloudOps,7,48,H,0.0009747982025146001,2496.0,6,3.3847159809534723e-06,1.3560560821127695e-09,Moi.S,"bizitobs_l2c, H, short",bizitobs_l2c,short
281,moirai_small,bizitobs_service/10S/long,Web/CloudOps,2,900,10S,0.0019994735717773,7935.0,21,1.0579225247498941e-07,1.3332356959671003e-11,Moi.S,"bizitobs_service, 10S, long",bizitobs_service,long
282,moirai_small,bizitobs_service/10S/medium,Web/CloudOps,2,600,10S,0.0018725872039794499,7935.0,42,7.430901603093055e-08,9.364715315807252e-12,Moi.S,"bizitobs_service, 10S, medium",bizitobs_service,medium
283,moirai_small,bizitobs_service/10S/short,Web/CloudOps,2,60,10S,0.0018962144851684,8355.0,315,1.0032880873906878e-07,1.2008235636034564e-11,Moi.S,"bizitobs_service, 10S, short",bizitobs_service,short
284,moirai_small,dominick/long,Sales,1,30,W,6.4849853515625e-06,266.4834123222749,100014,2.161359193567067e-12,8.110670659505072e-15,Moi.S,"dominick, W, long",dominick,long
285,moirai_small,dominick/medium,Sales,1,20,W,5.9604644775390625e-06,276.4834123222749,100014,2.9798150646604787e-12,1.0777554572377541e-14,Moi.S,"dominick, W, medium",dominick,medium
286,moirai_small,dominick/short,Sales,1,2,W,6.175041198730468e-06,294.4834123222749,100014,3.0870884069882556e-11,1.0483063825713307e-13,Moi.S,"dominick, W, short",dominick,short
287,moirai_small,ercot/long,Energy,1,720,H,6.818771362304688e-06,154152.0,8,1.1838144726223416e-09,7.67952717202723e-15,Moi.S,"ercot, H, long",ercot,long
288,moirai_small,ercot/medium,Energy,1,480,H,5.53131103515625e-06,154392.0,8,1.44044558207194e-09,9.329794173739184e-15,Moi.S,"ercot, H, medium",ercot,medium
289,moirai_small,ercot/short,Energy,1,48,H,5.221366882324218e-06,154824.0,8,1.3597309589385986e-08,8.782430107338646e-14,Moi.S,"ercot, H, short",ercot,short
290,moirai_small,exchange_rate/long,Econ/Fin,1,120,D,6.175041198730468e-06,7468.0,8,6.432334582010905e-09,8.61319574452451e-13,Moi.S,"exchange_rate, D, long",exchange_rate,long
291,moirai_small,exchange_rate/medium,Econ/Fin,1,80,D,6.055831909179687e-06,7508.0,8,9.462237358093262e-09,1.2602873412484366e-12,Moi.S,"exchange_rate, D, medium",exchange_rate,medium
292,moirai_small,exchange_rate/short,Econ/Fin,1,8,D,6.461143493652344e-06,7580.0,8,1.0095536708831788e-07,1.3318650011651435e-11,Moi.S,"exchange_rate, D, short",exchange_rate,short
293,moirai_small,jena_weather/10T/long,Nature,21,720,10T,0.00196583271026608,49464.0,8,3.412904010878611e-07,6.899773594692325e-12,Moi.S,"jena_weather, 10T, long",jena_weather,long
294,moirai_small,jena_weather/10T/medium,Nature,21,480,10T,0.00219974517822261,49824.0,11,4.1661840496640346e-07,8.361801641104757e-12,Moi.S,"jena_weather, 10T, medium",jena_weather,medium
295,moirai_small,jena_weather/10T/short,Nature,21,48,10T,0.00200881958007808,52200.0,20,2.0925203959146667e-06,4.008659762288634e-11,Moi.S,"jena_weather, 10T, short",jena_weather,short
296,moirai_small,jena_weather/D/short,Nature,21,30,D,0.0009494304656981799,321.0,2,1.5823841094969664e-05,4.929545512451609e-08,Moi.S,"jena_weather, D, short",jena_weather,short
297,moirai_small,jena_weather/H/long,Nature,21,720,H,0.00113425254821771,7704.0,2,7.876753807067431e-07,1.0224239105746924e-10,Moi.S,"jena_weather, H, long",jena_weather,long
298,moirai_small,jena_weather/H/medium,Nature,21,480,H,0.0013039588928222,8064.0,2,1.3582905133564583e-06,1.684388037396402e-10,Moi.S,"jena_weather, H, medium",jena_weather,medium
299,moirai_small,jena_weather/H/short,Nature,21,48,H,0.0011393785476684,8304.0,19,1.2493185829697368e-06,1.504478062343132e-10,Moi.S,"jena_weather, H, short",jena_weather,short
300,moirai_small,solar/10T/long,Energy,1,720,10T,0.0007893800735473199,49320.0,1096,1.0003295741424878e-09,2.028243256574387e-14,Moi.S,"solar, 10T, long",solar,long
301,moirai_small,solar/10T/medium,Energy,1,480,10T,0.0007973194122314001,49680.0,1507,1.1022442659690888e-09,2.2186881360086328e-14,Moi.S,"solar, 10T, medium",solar,medium
302,moirai_small,solar/10T/short,Energy,1,48,10T,0.0008501768112182201,52056.0,2740,6.464239744664082e-09,1.2417857201214236e-13,Moi.S,"solar, 10T, short",solar,short
303,moirai_small,solar/D/short,Energy,1,30,D,0.00072801113128658,320.0,274,8.856583105676155e-08,2.7676822205237985e-10,Moi.S,"solar, D, short",solar,short
304,moirai_small,solar/H/long,Energy,1,720,H,0.0008036851882933999,7680.0,274,4.0738300298732765e-09,5.304466184730828e-13,Moi.S,"solar, H, long",solar,long
305,moirai_small,solar/H/medium,Energy,1,480,H,0.00083394050598139,8040.0,274,6.340788518714948e-09,7.886552883973816e-13,Moi.S,"solar, H, medium",solar,medium
306,moirai_small,solar/H/short,Energy,1,48,H,0.00081028938293452,8280.0,2603,6.485220442234281e-09,7.832391838447199e-13,Moi.S,"solar, H, short",solar,short
307,moirai_small,solar/W/short,Energy,1,8,W,0.0007105827331542501,44.0,137,6.48341909812272e-07,1.4735043404824362e-08,Moi.S,"solar, W, short",solar,short
308,timesfm1,bitbrains_fast_storage/5T/long,Web/CloudOps,2,720,5T,62.83853611946106,7560.0,2500,3.4910297844145034e-05,4.61776426509855e-09,T.FM1,"bitbrains_fast_storage, 5T, long",bitbrains_fast_storage,long
309,timesfm1,bitbrains_fast_storage/5T/medium,Web/CloudOps,2,480,5T,42.85852570533753,7920.0,2500,3.5715438087781274e-05,4.509525011083494e-09,T.FM1,"bitbrains_fast_storage, 5T, medium",bitbrains_fast_storage,medium
310,timesfm1,bitbrains_fast_storage/5T/short,Web/CloudOps,2,48,5T,103.65416061878204,8184.0,22500,9.597607464702041e-05,1.1727281848365153e-08,T.FM1,"bitbrains_fast_storage, 5T, short",bitbrains_fast_storage,short
311,timesfm1,bitbrains_fast_storage/H/short,Web/CloudOps,2,48,H,12.322266817092896,649.0,2500,0.00010268555680910746,1.5822119693236897e-07,T.FM1,"bitbrains_fast_storage, H, short",bitbrains_fast_storage,short
312,timesfm1,bitbrains_rnd/5T/long,Web/CloudOps,2,720,5T,25.283994936943053,7560.0,1000,3.511665963464313e-05,4.645060798233218e-09,T.FM1,"bitbrains_rnd, 5T, long",bitbrains_rnd,long
313,timesfm1,bitbrains_rnd/5T/medium,Web/CloudOps,2,480,5T,17.283845400810243,7920.0,1000,3.600801125168801e-05,4.5464660671323244e-09,T.FM1,"bitbrains_rnd, 5T, medium",bitbrains_rnd,medium
314,timesfm1,bitbrains_rnd/5T/short,Web/CloudOps,2,48,5T,41.711067175865175,8184.0,9000,9.655339624042865e-05,1.1797824565057263e-08,T.FM1,"bitbrains_rnd, 5T, short",bitbrains_rnd,short
315,timesfm1,bitbrains_rnd/H/short,Web/CloudOps,2,48,H,5.081120538711548,648.0,1000,0.00010585667788982392,1.6335907081762949e-07,T.FM1,"bitbrains_rnd, H, short",bitbrains_rnd,short
316,timesfm1,bizitobs_application/10S/long,Web/CloudOps,2,900,10S,0.6004257202148438,7934.0,1,0.0006671396891276041,8.408617206044923e-08,T.FM1,"bizitobs_application, 10S, long",bizitobs_application,long
317,timesfm1,bizitobs_application/10S/medium,Web/CloudOps,2,600,10S,0.41366186141967776,7934.0,2,0.00034471821784973146,4.344822508819403e-08,T.FM1,"bizitobs_application, 10S, medium",bizitobs_application,medium
318,timesfm1,bizitobs_application/10S/short,Web/CloudOps,2,60,10S,0.15558118820190425,8354.0,15,0.00017286798689100473,2.0692840183266067e-08,T.FM1,"bizitobs_application, 10S, short",bizitobs_application,short
319,timesfm1,bizitobs_l2c/5T/long,Web/CloudOps,7,720,5T,0.8705580711364747,29808.0,5,0.00024182168642679851,8.112643801221099e-09,T.FM1,"bizitobs_l2c, 5T, long",bizitobs_l2c,long
320,timesfm1,bizitobs_l2c/5T/medium,Web/CloudOps,7,480,5T,0.6558348417282105,30048.0,7,0.00019518894099053883,6.495904585680872e-09,T.FM1,"bizitobs_l2c, 5T, medium",bizitobs_l2c,medium
321,timesfm1,bizitobs_l2c/5T/short,Web/CloudOps,7,48,5T,0.4831701755523682,31464.0,20,0.0005033022662003835,1.5996131013233648e-08,T.FM1,"bizitobs_l2c, 5T, short",bizitobs_l2c,short
322,timesfm1,bizitobs_l2c/H/long,Web/CloudOps,7,720,H,0.49161539077758787,1944.0,1,0.0006827991538577609,3.5123413264288113e-07,T.FM1,"bizitobs_l2c, H, long",bizitobs_l2c,long
323,timesfm1,bizitobs_l2c/H/medium,Web/CloudOps,7,480,H,0.35092754364013673,2184.0,1,0.0007310990492502849,3.347523119277861e-07,T.FM1,"bizitobs_l2c, H, medium",bizitobs_l2c,medium
324,timesfm1,bizitobs_l2c/H/short,Web/CloudOps,7,48,H,0.23486130237579342,2496.0,6,0.0008154906332492828,3.267190037056421e-07,T.FM1,"bizitobs_l2c, H, short",bizitobs_l2c,short
325,timesfm1,bizitobs_service/10S/long,Web/CloudOps,2,900,10S,1.1730930805206299,7935.0,21,6.206841695876349e-05,7.822106737084245e-09,T.FM1,"bizitobs_service, 10S, long",bizitobs_service,long
326,timesfm1,bizitobs_service/10S/medium,Web/CloudOps,2,600,10S,1.1206893920898438,7935.0,42,4.44718012734065e-05,5.6045118176945806e-09,T.FM1,"bizitobs_service, 10S, medium",bizitobs_service,medium
327,timesfm1,bizitobs_service/10S/short,Web/CloudOps,2,60,10S,1.6413929224014283,8355.0,315,8.684618637044595e-05,1.0394516621238294e-08,T.FM1,"bizitobs_service, 10S, short",bizitobs_service,short
328,timesfm1,dominick/long,Sales,1,30,W,214.80568931102752,266.4834123222749,100014,7.159187357470872e-05,2.6865414605291914e-07,T.FM1,"dominick, W, long",dominick,long
329,timesfm1,dominick/medium,Sales,1,20,W,215.73665883541108,276.4834123222749,100014,0.00010785322996551036,3.9008933324287233e-07,T.FM1,"dominick, W, medium",dominick,medium
330,timesfm1,dominick/short,Sales,1,2,W,215.70089502334594,294.4834123222749,100014,0.0010783535056259422,3.661848037966296e-06,T.FM1,"dominick, W, short",dominick,short
331,timesfm1,ercot/long,Energy,1,720,H,0.480581259727478,154152.0,8,8.343424648046493e-05,5.412466038745195e-10,T.FM1,"ercot, H, long",ercot,long
332,timesfm1,ercot/medium,Energy,1,480,H,0.36746118068695066,154392.0,8,9.56930158038934e-05,6.198055326953041e-10,T.FM1,"ercot, H, medium",ercot,medium
333,timesfm1,ercot/short,Energy,1,48,H,0.13751778602600093,154824.0,8,0.00035811923444271075,2.313073131056624e-09,T.FM1,"ercot, H, short",ercot,short
334,timesfm1,exchange_rate/long,Econ/Fin,1,120,D,0.11174581050872798,7468.0,8,0.00011640188594659164,1.5586754947320788e-08,T.FM1,"exchange_rate, D, long",exchange_rate,long
335,timesfm1,exchange_rate/medium,Econ/Fin,1,80,D,0.11772563457489009,7508.0,8,0.00018394630402326575,2.4500040493242645e-08,T.FM1,"exchange_rate, D, medium",exchange_rate,medium
336,timesfm1,exchange_rate/short,Econ/Fin,1,8,D,0.2281291246414184,7580.0,8,0.0035645175725221626,4.702529779052985e-07,T.FM1,"exchange_rate, D, short",exchange_rate,short
337,timesfm1,jena_weather/10T/long,Nature,21,720,10T,2.4346326351165772,49464.0,8,0.0004226792769299613,8.545189975132649e-09,T.FM1,"jena_weather, 10T, long",jena_weather,long
338,timesfm1,jena_weather/10T/medium,Nature,21,480,10T,2.2174427270889283,49824.0,11,0.0004199702134638122,8.429074611910168e-09,T.FM1,"jena_weather, 10T, medium",jena_weather,medium
339,timesfm1,jena_weather/10T/short,Nature,21,48,10T,1.2743618488311768,52200.0,20,0.0013274602591991425,2.543027316473453e-08,T.FM1,"jena_weather, 10T, short",jena_weather,short
340,timesfm1,jena_weather/D/short,Nature,21,30,D,0.2527175664901733,321.0,2,0.004211959441502888,1.3121368976644511e-05,T.FM1,"jena_weather, D, short",jena_weather,short
341,timesfm1,jena_weather/H/long,Nature,21,720,H,0.8625082731246948,7704.0,2,0.0005989640785588158,7.774715453774868e-08,T.FM1,"jena_weather, H, long",jena_weather,long
342,timesfm1,jena_weather/H/medium,Nature,21,480,H,0.6099508762359619,8064.0,2,0.0006353654960791269,7.879036409711396e-08,T.FM1,"jena_weather, H, medium",jena_weather,medium
343,timesfm1,jena_weather/H/short,Nature,21,48,H,1.062048602104187,8304.0,19,0.0011645269759914332,1.40236870904556e-07,T.FM1,"jena_weather, H, short",jena_weather,short
344,timesfm1,solar/10T/long,Energy,1,720,10T,14.126408505439759,49320.0,1096,1.7901470632400344e-05,3.6296574680454875e-10,T.FM1,"solar, 10T, long",solar,long
345,timesfm1,solar/10T/medium,Energy,1,480,10T,13.185823249816895,49680.0,1507,1.822857671120451e-05,3.669198210789958e-10,T.FM1,"solar, 10T, medium",solar,medium
346,timesfm1,solar/10T/short,Energy,1,48,10T,7.002184891700745,52056.0,2740,5.3240456901617586e-05,1.0227535135549714e-09,T.FM1,"solar, 10T, short",solar,short
347,timesfm1,solar/D/short,Energy,1,30,D,0.8239824771881104,320.0,274,0.00010024117727349274,3.1325367897966484e-07,T.FM1,"solar, D, short",solar,short
348,timesfm1,solar/H/long,Energy,1,720,H,3.743754482269287,7680.0,274,1.897685767573645e-05,2.470945009861517e-09,T.FM1,"solar, H, long",solar,long
349,timesfm1,solar/H/medium,Energy,1,480,H,2.577781414985657,8040.0,274,1.9599919517834982e-05,2.4378009350541023e-09,T.FM1,"solar, H, medium",solar,medium
350,timesfm1,solar/H/short,Energy,1,48,H,6.056698250770569,8280.0,2603,4.847530294188251e-05,5.854505186217695e-09,T.FM1,"solar, H, short",solar,short
351,timesfm1,solar/W/short,Energy,1,8,W,0.5992765426635742,44.0,137,0.0005467851666638451,1.242693560599648e-05,T.FM1,"solar, W, short",solar,short
352,timesfm2,bitbrains_fast_storage/5T/long,Web/CloudOps,2,720,5T,575.5275372505188,7560.0,2500,0.00031973752069473267,4.22933228432186e-08,T.FM2,"bitbrains_fast_storage, 5T, long",bitbrains_fast_storage,long
353,timesfm2,bitbrains_fast_storage/5T/medium,Web/CloudOps,2,480,5T,382.3619301080704,7920.0,2500,0.0003186349417567253,4.0231684565243096e-08,T.FM2,"bitbrains_fast_storage, 5T, medium",bitbrains_fast_storage,medium
354,timesfm2,bitbrains_fast_storage/5T/short,Web/CloudOps,2,48,5T,864.4257758617401,8184.0,22500,0.0008003942369090186,9.779988232026132e-08,T.FM2,"bitbrains_fast_storage, 5T, short",bitbrains_fast_storage,short
355,timesfm2,bitbrains_fast_storage/H/short,Web/CloudOps,2,48,H,92.70656208992004,649.0,2500,0.000772554684082667,1.1903770170765286e-06,T.FM2,"bitbrains_fast_storage, H, short",bitbrains_fast_storage,short
356,timesfm2,bitbrains_rnd/5T/long,Web/CloudOps,2,720,5T,232.78393580913544,7560.0,1000,0.00032331102195713257,4.2766008195387905e-08,T.FM2,"bitbrains_rnd, 5T, long",bitbrains_rnd,long
357,timesfm2,bitbrains_rnd/5T/medium,Web/CloudOps,2,480,5T,155.99217307567596,7920.0,1000,0.00032498369390765826,4.1033294685310385e-08,T.FM2,"bitbrains_rnd, 5T, medium",bitbrains_rnd,medium
358,timesfm2,bitbrains_rnd/5T/short,Web/CloudOps,2,48,5T,351.2057182073593,8184.0,9000,0.0008129761995540725,9.933726778519948e-08,T.FM2,"bitbrains_rnd, 5T, short",bitbrains_rnd,short
359,timesfm2,bitbrains_rnd/H/short,Web/CloudOps,2,48,H,37.34302430152893,648.0,1000,0.0007779796729485193,1.2005859150440112e-06,T.FM2,"bitbrains_rnd, H, short",bitbrains_rnd,short
360,timesfm2,bizitobs_application/10S/long,Web/CloudOps,2,900,10S,5.241298937797547,7934.0,1,0.005823665486441719,7.340137996523467e-07,T.FM2,"bizitobs_application, 10S, long",bizitobs_application,long
361,timesfm2,bizitobs_application/10S/medium,Web/CloudOps,2,600,10S,3.339755344390869,7934.0,2,0.0027831294536590574,3.50785159271371e-07,T.FM2,"bizitobs_application, 10S, medium",bizitobs_application,medium
362,timesfm2,bizitobs_application/10S/short,Web/CloudOps,2,60,10S,0.7606168508529663,8354.0,15,0.0008451298342810736,1.0116469167836649e-07,T.FM2,"bizitobs_application, 10S, short",bizitobs_application,short
363,timesfm2,bizitobs_l2c/5T/long,Web/CloudOps,7,720,5T,7.01361448764801,29808.0,5,0.0019482262465688918,6.535917359664828e-08,T.FM2,"bizitobs_l2c, 5T, long",bizitobs_l2c,long
364,timesfm2,bizitobs_l2c/5T/medium,Web/CloudOps,7,480,5T,4.664907026290893,30048.0,7,0.0013883651863960992,4.62049116878361e-08,T.FM2,"bizitobs_l2c, 5T, medium",bizitobs_l2c,medium
365,timesfm2,bizitobs_l2c/5T/short,Web/CloudOps,7,48,5T,3.0201183795928954,31464.0,20,0.003145956645409266,9.99859091472561e-08,T.FM2,"bizitobs_l2c, 5T, short",bizitobs_l2c,short
366,timesfm2,bizitobs_l2c/H/long,Web/CloudOps,7,720,H,3.8846153736114504,1944.0,1,0.0053952991300159035,2.7753596347818432e-06,T.FM2,"bizitobs_l2c, H, long",bizitobs_l2c,long
367,timesfm2,bizitobs_l2c/H/medium,Web/CloudOps,7,480,H,2.710947632789612,2184.0,1,0.0056478075683116915,2.585992476333192e-06,T.FM2,"bizitobs_l2c, H, medium",bizitobs_l2c,medium
368,timesfm2,bizitobs_l2c/H/short,Web/CloudOps,7,48,H,1.4315837383270265,2496.0,6,0.004970776869191064,1.9914971431053944e-06,T.FM2,"bizitobs_l2c, H, short",bizitobs_l2c,short
369,timesfm2,bizitobs_service/10S/long,Web/CloudOps,2,900,10S,9.415538454055786,7935.0,21,0.0004981766377807294,6.278218497551726e-08,T.FM2,"bizitobs_service, 10S, long",bizitobs_service,long
370,timesfm2,bizitobs_service/10S/medium,Web/CloudOps,2,600,10S,8.77644715309143,7935.0,42,0.0003482717124242631,4.389057497470235e-08,T.FM2,"bizitobs_service, 10S, medium",bizitobs_service,medium
371,timesfm2,bizitobs_service/10S/short,Web/CloudOps,2,60,10S,11.473033213615418,8355.0,315,0.0006070387943711861,7.265575037357105e-08,T.FM2,"bizitobs_service, 10S, short",bizitobs_service,short
372,timesfm2,dominick/long,Sales,1,30,W,1766.7297730445862,266.4834123222749,100014,0.0005888274884998054,2.2096215421757657e-06,T.FM2,"dominick, W, long",dominick,long
373,timesfm2,dominick/medium,Sales,1,20,W,1750.272023844719,276.4834123222749,100014,0.0008750135100309551,3.1647956840572444e-06,T.FM2,"dominick, W, medium",dominick,medium
374,timesfm2,dominick/short,Sales,1,2,W,1815.2523718833922,294.4834123222749,100014,0.009074991360626474,3.081664698551864e-05,T.FM2,"dominick, W, short",dominick,short
375,timesfm2,ercot/long,Energy,1,720,H,3.9273104906082152,154152.0,8,0.0006818247379528151,4.4230677380300946e-09,T.FM2,"ercot, H, long",ercot,long
376,timesfm2,ercot/medium,Energy,1,480,H,2.62957603931427,154392.0,8,0.0006847854269047579,4.435368587133775e-09,T.FM2,"ercot, H, medium",ercot,medium
377,timesfm2,ercot/short,Energy,1,48,H,0.6987268686294555,154824.0,8,0.0018196012203892072,1.1752707722247243e-08,T.FM2,"ercot, H, short",ercot,short
378,timesfm2,exchange_rate/long,Econ/Fin,1,120,D,0.6619809389114379,7468.0,8,0.0006895634780327479,9.23357629931371e-08,T.FM2,"exchange_rate, D, long",exchange_rate,long
379,timesfm2,exchange_rate/medium,Econ/Fin,1,80,D,0.6480400562286377,7508.0,8,0.0010125625878572464,1.34864489592068e-07,T.FM2,"exchange_rate, D, medium",exchange_rate,medium
380,timesfm2,exchange_rate/short,Econ/Fin,1,8,D,0.7295638084411621,7580.0,8,0.011399434506893158,1.5038831803289125e-06,T.FM2,"exchange_rate, D, short",exchange_rate,short
381,timesfm2,jena_weather/10T/long,Nature,21,720,10T,22.871059584617615,49464.0,8,0.003970670066773892,8.02739379503051e-08,T.FM2,"jena_weather, 10T, long",jena_weather,long
382,timesfm2,jena_weather/10T/medium,Nature,21,480,10T,20.37840735912323,49824.0,11,0.0038595468483187934,7.746360886959685e-08,T.FM2,"jena_weather, 10T, medium",jena_weather,medium
383,timesfm2,jena_weather/10T/short,Nature,21,48,10T,9.270903968811036,52200.0,20,0.009657191634178162,1.8500367115283836e-07,T.FM2,"jena_weather, 10T, short",jena_weather,short
384,timesfm2,jena_weather/D/short,Nature,21,30,D,1.3052857160568236,321.0,2,0.021754761934280394,6.777184403202615e-05,T.FM2,"jena_weather, D, short",jena_weather,short
385,timesfm2,jena_weather/H/long,Nature,21,720,H,7.720187258720398,7704.0,2,0.005361241151889165,6.95903576309601e-07,T.FM2,"jena_weather, H, long",jena_weather,long
386,timesfm2,jena_weather/H/medium,Nature,21,480,H,5.158209276199341,8064.0,2,0.0053731346627076465,6.663113421016427e-07,T.FM2,"jena_weather, H, medium",jena_weather,medium
387,timesfm2,jena_weather/H/short,Nature,21,48,H,8.449262952804565,8304.0,19,0.009264542711408514,1.1156722918362855e-06,T.FM2,"jena_weather, H, short",jena_weather,short
388,timesfm2,solar/10T/long,Energy,1,720,10T,132.07135620117188,49320.0,1096,0.00016736536420464807,3.3934583172069762e-09,T.FM2,"solar, 10T, long",solar,long
389,timesfm2,solar/10T/medium,Energy,1,480,10T,121.07092919349671,49680.0,1507,0.00016737299435066455,3.3690216254159533e-09,T.FM2,"solar, 10T, medium",solar,medium
390,timesfm2,solar/10T/short,Energy,1,48,10T,55.63770489692688,52056.0,2740,0.0004230360773793102,8.126557503060362e-09,T.FM2,"solar, 10T, short",solar,short
391,timesfm2,solar/D/short,Energy,1,30,D,5.433804225921631,320.0,274,0.0006610467428128505,2.065771071290158e-06,T.FM2,"solar, D, short",solar,short
392,timesfm2,solar/H/long,Energy,1,720,H,33.942173671722415,7680.0,274,0.00017205075867661403,2.240244253601745e-08,T.FM2,"solar, H, long",solar,long
393,timesfm2,solar/H/medium,Energy,1,480,H,22.742058753967285,8040.0,274,0.0001729171133969532,2.1507103656337464e-08,T.FM2,"solar, H, medium",solar,medium
394,timesfm2,solar/H/short,Energy,1,48,H,51.849243831634524,8280.0,2603,0.0004149798616310869,5.011834077670132e-08,T.FM2,"solar, H, short",solar,short
395,timesfm2,solar/W/short,Energy,1,8,W,3.1985347509384154,44.0,137,0.0029183711231189923,6.632661643452256e-05,T.FM2,"solar, W, short",solar,short
